SEND tribunal appealable decisions rate 2024 - 2025,,,,,,,
"SEND Appeal rate table 1: Special Educational Needs - Appeal rate to the SEND Tribunal based on total appealable decisions, by local authorities in England 2024-2025",,,,,,,
,,,,,,,
Sources:,Appeals - His Majesty's Courts Service (HMCTS) GAPS2 case management system,,,,,,
,"Appealable decisions - Department for Education (DfE) Statements of SEN and EHC plans, England - SEN2 annual collection",,,,,,
,,,,,,,
,,2024,,,2025,,
,Old LA code,Appeals registered,Total Appealable Decisions,SEND Tribunal Appeal Rate2,Appeals,Total Appealable decisions,SEND Tribunal Appeal Rate
NORTH EAST,,,,,,,
Darlington,841,8,700,1.10%,9,978,0.90%
Durham,840,344,3124,11.00%,445,3861,11.50%
Gateshead,390,133,1186,11.20%,158,1744,9.10%
Hartlepool,805,22,672,3.30%,32,489,6.50%
Middlesbrough,806,23,1442,1.60%,28,949,3.00%
Newcastle upon Tyne,391,44,2052,2.10%,91,1644,5.50%
North Tyneside,392,83,1563,5.30%,67,1434,4.70%
Northumberland,929,58,2575,2.30%,98,3003,3.30%
Redcar and Cleveland,807,41,524,7.80%,35,513,6.80%
South Tyneside,393,56,1409,4.00%,67,1452,4.60%
Stockton-on-Tees,808,47,1326,3.50%,50,2166,2.30%
Sunderland,394,108,1939,5.60%,141,1661,8.50%
NORTH WEST,,,  ,,,,
Blackburn with Darwen,889,18,1175,1.50%,11,1291,0.90%
Blackpool,890,21, x ,x,23,1514,1.50%
Bolton,350,48,1712,2.80%,83,2051,4.00%
Bury,351,65,1546,4.20%,53,1745,3.00%
Cheshire East,895,140,3310,4.20%,118,3736,3.20%
Cheshire West and Chester,896,107,1885,5.70%,114,2299,5.00%
Cumberland,942,65,2039,3.20%,64,1968,3.30%
Halton,876,33,1036,3.20%,41,1198,3.40%
Knowsley,340,68,1297,5.20%,127,1623,7.80%
Lancashire,888,334,5032,6.60%,472,6417,7.40%
Liverpool,341,349,4476,7.80%,393,3284,12.00%
Manchester,352,108,5110,2.10%,177,6390,2.80%
Oldham,353,101,2441,4.10%,168,3091,5.40%
Rochdale,354,45,1772,2.50%,59,2148,2.70%
Salford,355,97,2407,4.00%,93,2123,4.40%
Sefton,343,70,1642,4.30%,89,1855,4.80%
St. Helens,342,82,1171,7.00%,87,1497,5.80%
Stockport,356,80,2030,3.90%,105,2693,3.90%
Tameside,357,53,1800,2.90%,116,1645,7.10%
Trafford,358,43,1996,2.20%,56,2313,2.40%
Warrington,877,37,1445,2.60%,32,1983,1.60%
Westmorland and Furness,943,25,1659,1.50%,30,1430,2.10%
Wigan,359,52,2099,2.50%,166,3254,5.10%
Wirral,344,103,1097,9.40%,173,2522,6.90%
YORKSHIRE AND THE HUMBER,,,  ,,,,
Barnsley,370,81,2184,3.70%,86,2606,3.30%
Bradford,380,279,3522,7.90%,329,2675,12.30%
Calderdale,381,78,1663,4.70%,94,1709,5.50%
Doncaster,371,113,1946,5.80%,158,1786,8.80%
East Riding of Yorkshire,811,61,3029,2.00%,86,3269,2.60%
"Kingston Upon Hull, City of",810,68,1209,5.60%,73,2710,2.70%
Kirklees,382,91,1984,4.60%,184,2642,7.00%
Leeds,383,126,3542,3.60%,171,2673,6.40%
North East Lincolnshire,812,10,1313,0.80%,15,1297,1.20%
North Lincolnshire,813,9,1003,0.90%,12,1320,0.90%
North Yorkshire,815,273,4130,6.60%,250,3482,7.20%
Rotherham,372,98,2125,4.60%,103,2367,4.40%
Sheffield,373,286,4022,7.10%,289,4076,7.10%
Wakefield,384,70,2446,2.90%,121,3168,3.80%
York,816,33,1066,3.10%,65,1390,4.70%
EAST MIDLANDS,,,  ,,,,
Derby,831,190,1482,12.80%,223,2441,9.10%
Derbyshire,830,536,3810,14.10%,690,5144,13.40%
Leicester,856,97,2295,4.20%,88,554,15.90%
Leicestershire,855,196,4623,4.20%,352,5338,6.60%
Lincolnshire,925,186,6444,2.90%,224,6294,3.60%
North Northamptonshire7,940,178,3045,5.80%,242,3185,7.60%
Nottingham,892,52,1451,3.60%,73,1413,5.20%
Nottinghamshire,891,184,3788,4.90%,197,4993,3.90%
Rutland,857,8,279,2.90%,9,313,2.90%
West Northamptonshire7,941,188,2630,7.10%,279,3118,8.90%
WEST MIDLANDS,,,  ,,,,
Birmingham,330,639,8639,7.40%,639,9504,6.70%
Coventry,331,123,2494,4.90%,128,2496,5.10%
Dudley,332,152,2371,6.40%,156,2637,5.90%
Herefordshire,884,30,1139,2.60%,46,1392,3.30%
Sandwell,333,41,796,5.20%,48,697,6.90%
Shropshire,893,51,1964,2.60%,23,881,2.60%
Solihull,334,161,1704,9.40%,184,2005,9.20%
Staffordshire,860,435,4806,9.10%,437,5134,8.50%
Stoke-on-Trent,861,105,2421,4.30%,176,2664,6.60%
Telford and Wrekin,894,102,1399,7.30%,125,1563,8.00%
Walsall,335,166,3455,4.80%,204,3327,6.10%
Warwickshire,937,224,3769,5.90%,225,4917,4.60%
Wolverhampton,336,27,2036,1.30%,47,1683,2.80%
Worcestershire,885,139,4263,3.30%,200,5401,3.70%
EAST OF ENGLAND,,,  ,,,,
Bedford,822,26,1476,1.80%,32,1647,1.90%
Central Bedfordshire,873,140,4894,2.90%,150,3051,4.90%
Cambridgeshire,823,169,2931,5.80%,145,3512,4.10%
Essex,881,709,9061,7.80%,844,7260,11.60%
Hertfordshire,919,613,2195,27.90%,684,9076,7.50%
Luton,821,28,1855,1.50%,44,1559,2.80%
Norfolk,926,532,7621,7.00%,569,8874,6.40%
Peterborough,874,49,1444,3.40%,48,2244,2.10%
Southend-on-Sea,882,48,1344,3.60%,76,1458,5.20%
Suffolk,935,279,4494,6.20%,472,5644,8.40%
Thurrock,883,37,1135,3.30%,43,1349,3.20%
LONDON,,,  ,,,,
INNER LONDON,,,  ,,,,
Camden,202,53,1047,5.10%,57,389,14.70%
City of London,201, - ,18,0.00%,0,26,0.00%
Hackney,204,72,1835,3.90%,106,1828,5.80%
Hammersmith and Fulham,205,35,1186,3.00%,40,1008,4.00%
Haringey,309,123,1487,8.30%,151,1675,9.00%
Islington,206,116,1548,7.50%,100,1239,8.10%
Kensington and Chelsea,207,26,199,13.10%,38,443,8.60%
Lambeth,208,43,1682,2.60%,58,2067,2.80%
Lewisham,209,102,2080,4.90%,114,x,x
Newham,316,68,386,17.60%,83,1155,7.20%
Southwark,210,120,1906,6.30%,149,2104,7.10%
Tower Hamlets,211,64,1901,3.40%,93,3496,2.70%
Wandsworth,212,87,2162,4.00%,99,1702,5.80%
Westminster,213,40,283,14.10%,46,659,7.00%
OUTER LONDON,,,  ,,,,
Barking and Dagenham,301,38,1109,3.40%,59,1059,5.60%
Barnet,302,161,2257,7.10%,166,2794,5.90%
Bexley,303,48,2078,2.30%,59,2063,2.90%
Brent,304,46,1698,2.70%,68,1799,3.80%
Bromley,305,213,2954,7.20%,243,1761,13.80%
Croydon,306,85,2791,3.00%,79,1750,4.50%
Ealing,307,74,2748,2.70%,84,1687,5.00%
Enfield,308,76,3377,2.30%,84,3908,2.10%
Greenwich,203,101,1063,9.50%,139,699,19.90%
Harrow,310,29,1497,1.90%,33,1096,3.00%
Havering,311,59,1858,3.20%,79,1138,6.90%
Hillingdon,312,143,2375,6.00%,195,1719,11.30%
Hounslow,313,99,2525,3.90%,126,1189,10.60%
Kingston upon Thames,314,78,1249,6.20%,128,1619,7.90%
Merton,315,46,2315,2.00%,55,2257,2.40%
Redbridge,317,41, x ,x,73,1253,5.80%
Richmond upon Thames,318,41,1363,3.00%,41,1660,2.50%
Sutton,319,90,2216,4.10%,144,2527,5.70%
Waltham Forest,320,58, x ,x,62,1665,3.70%
SOUTH EAST,,,  ,,,,
Bracknell Forest,867,106,854,12.40%,129,1369,9.40%
Brighton and Hove,846,79,1552,5.10%,115,1352,8.50%
Buckinghamshire,825,234,4863,4.80%,271,4457,6.10%
East Sussex,845,516,3602,14.30%,475,4233,11.20%
Hampshire,850,659,12380,5.30%,829,12687,6.50%
Isle of Wight,921,62,1388,4.50%,107,792,13.50%
Kent,886,1559,14675,10.60%,1756,13802,12.70%
Medway,887,127,1366,9.30%,253,2179,11.60%
Milton Keynes,826,115,1719,6.70%,223,x,x
Oxfordshire,931,396,4898,8.10%,543,5792,9.40%
Portsmouth,851,64,1262,5.10%,100,1611,6.20%
Reading,870,74, x ,x,99,723,13.70%
Slough,871,61,366,16.70%,80,525,15.20%
Southampton,852,78,1076,7.20%,89,1114,8.00%
Surrey,936,1059, x ,x,1129,9857,11.50%
West Berkshire,869,64,827,7.70%,65,584,11.10%
West Sussex,938,350,4154,8.40%,357,5512,6.50%
Windsor and Maidenhead,868,111,1004,11.10%,103,1149,9.00%
Wokingham,872,101,1155,8.70%,116,903,12.80%
SOUTH WEST,,,  ,,,,
Bath and North East Somerset,800,50,995,5.00%,57,1207,4.70%
"Bournemouth, Christchurch and Poole5",839,145,3268,4.40%,124,2549,4.90%
"Bristol, City of",801,106,2908,3.60%,133,3084,4.30%
Cornwall,908,123,3025,4.10%,206,2413,8.50%
Devon,878,404,8007,5.00%,630,9311,6.80%
Dorset,838,154,2949,5.20%,143,2858,5.00%
Gloucestershire,916,267,4898,5.50%,364,5645,6.40%
Isles of Scilly,420, - ,54,0.00%,0,17,0.00%
North Somerset,802,94,2055,4.60%,128,2352,5.40%
Plymouth,879,252, x ,x,221,2290,9.70%
Somerset,933,382,3816,10.00%,302,3251,9.30%
South Gloucestershire,803,128,2101,6.10%,151,2645,5.70%
Swindon,866,92,1837,5.00%,129,1827,7.10%
Torbay,880,39,1142,3.40%,93,1125,8.30%
Wiltshire,865,123,4097,3.00%,177,5184,3.40%
England Total,,22276,364912,6.10%,26977,405735,6.60%
,,,,,,,
Footnotes:,,,,,,,
"1. Total Appealable Decisions is calculated from data collected by the DfE from the annual SEN2 data return, which is mandatory for local authorities to complete. The Total Appealable Decisions figure is calculated as the sum total of the following:
- Number of initial requests for Education, Health and Care (EHC) assessments refused
- Number of assessments completed and a decision made not to issue an EHC plan
- Number with an EHC plan as at January each year
- Number of EHC plans ceased because the special educational needs of the child or young person are being met without an EHC plan
For more information on SEN2 data collected by the DfE, please access statistics at the following link: https://www.gov.uk/government/collections/statistics-special-educational-needs-sen#statements-of-special-educational-needs-(sen)-and-education,-health-and-care-(ehc)-plans",,,,,,,
"2. For more information on the decision to publish a new appeal rate, please refer to the joint consultation document published by the MoJ and DfE in December 2017: https://www.gov.uk/government/uploads/system/uploads/attachment_data/file/667445/SEND-appeal-rate-consultation.pdf and the corresponding consultation response published in March 2018: https://www.gov.uk/government/uploads/system/uploads/attachment_data/file/686233/send-consultation-response.pdf",,,,,,,
"3. Note that these figures are based on calendar years (1st January to 31st December), whereas previous SEND tribunal rate publications were based on academic years (1st September to 31st August).",,,,,,,
4. There are minor differences when comparing these figures on SEND tribunal appeals registered to the quarterly figures published in Table S.2 of the Tribunals and Gender Recognition Certificate statistics quarterly. This is due to differences in the timing of data extractions and changes made to the GAPS2 case management system as cases progress.,,,,,,,
"5. The methodology for calculating Appealable decisions was changed last year as the SEN2 now collects for annual reviews. Therefore, the methodology has improved, instead of using assumptions, the data uses annual reviews that have been completed in the calendar year as the decision from that is appealable. More information can be found here: https://explore-education-statistics.service.gov.uk/methodology/education-health-and-care-plans",,,,,,,
